Ref,Val,Package,PosX,PosY,Rot,Side
"C1","100NF 0402 25V X7R","C_0402_1005Metric",229.900000,-143.550000,180.000000,top
"C2","100NF 0402 25V X7R","C_0402_1005Metric",228.910000,-157.400000,90.000000,top
"C3","100NF 0402 25V X7R","C_0402_1005Metric",230.600000,-157.400000,90.000000,top
"C4","4.7N 50 VDC 5% 0603 C0G","C_0603_1608Metric",258.000000,-161.975000,90.000000,top
"C5","100NF 0402 25V X7R","C_0402_1005Metric",255.200000,-134.510000,-90.000000,top
"C6","100NF 0402 25V X7R","C_0402_1005Metric",231.850000,-143.600000,180.000000,top
"C7","100NF 0402 25V X7R","C_0402_1005Metric",231.900000,-142.600000,180.000000,top
"C8","100NF_0603_100V_X7S","C_0603_1608Metric",223.260000,-159.612500,90.000000,top
"C9","100NF 0402 25V X7R","C_0402_1005Metric",252.000000,-134.520000,-90.000000,top
"C10","10UF_0805_16V_X7R","C_0805_2012Metric",228.910000,-153.112500,-90.000000,top
"C11","100NF 1206 50V C0G","C_1206_3216Metric",247.837500,-166.500000,-90.000000,top
"C12","100NF 0402 25V X7R","C_0402_1005Metric",241.250000,-152.812000,180.000000,top
"C13","10UF_0805_16V_X7R","C_0805_2012Metric",230.910000,-153.112500,-90.000000,top
"C14","10UF_0805_16V_X7R","C_0805_2012Metric",233.110000,-153.112500,-90.000000,top
"C15","100NF 1206 50V C0G","C_1206_3216Metric",247.900000,-57.300000,90.000000,top
"C16","100NF 0402 25V X7R","C_0402_1005Metric",238.000000,-146.600000,0.000000,top
"C17","100NF 1206 50V C0G","C_1206_3216Metric",218.900000,-44.100000,90.000000,top
"C18","100NF 0402 25V X7R","C_0402_1005Metric",239.400000,-112.800000,180.000000,top
"C19","100NF 0402 25V X7R","C_0402_1005Metric",216.200000,-144.880000,90.000000,top
"C20","100NF 0402 25V X7R","C_0402_1005Metric",216.600000,-164.000000,0.000000,top
"C21","220PF 0603 50V C0G","C_0603_1608Metric",246.930000,-111.262500,90.000000,top
"C22","220PF 0603 50V C0G","C_0603_1608Metric",248.780000,-111.362500,90.000000,top
"C23","220PF 0603 50V C0G","C_0603_1608Metric",250.380000,-111.362500,90.000000,top
"C24","220PF 0603 50V C0G","C_0603_1608Metric",244.400000,-111.000000,90.000000,top
"C25","100NF 0402 25V X7R","C_0402_1005Metric",252.850000,-110.750000,90.000000,top
"C26","10UF_0805_16V_X7R","C_0805_2012Metric",256.430000,-110.150000,0.000000,top
"C27","100NF 0402 25V X7R","C_0402_1005Metric",255.850000,-111.750000,0.000000,top
"C28","220PF 0603 50V C0G","C_0603_1608Metric",242.800000,-111.000000,90.000000,top
"C29","220PF 0603 50V C0G","C_0603_1608Metric",241.200000,-111.000000,90.000000,top
"C30","100NF 0402 25V X7R","C_0402_1005Metric",224.975000,-108.120000,-90.000000,top
"C31","100NF 1206 50V C0G","C_1206_3216Metric",220.365000,-117.587700,180.000000,top
"C32","CAPP_PANASONIC_EEV-FK1E222M","CAPP_PANASONIC_EEEFK0J682AM",217.500000,-72.750000,90.000000,top
"C33","100NF 0402 25V X7R","C_0402_1005Metric",236.800000,-107.400000,-90.000000,top
"C34","CAPP_PANASONIC_EEV-FK1E222M","CAPP_PANASONIC_EEEFK0J682AM",252.400000,-73.000000,90.000000,top
"C35","100NF 0402 25V X7R","C_0402_1005Metric",215.480000,-110.250000,180.000000,top
"C36","10UF 1206 35V X5R","C_1206_3216Metric",245.200000,-90.165000,-90.000000,top
"C37","10UF 1206 35V X5R","C_1206_3216Metric",247.800000,-89.165000,90.000000,top
"C38","10UF 1206 35V X5R","C_1206_3216Metric",249.200000,-85.665000,0.000000,top
"C39","10UF 1206 35V X5R","C_1206_3216Metric",244.200000,-86.665000,180.000000,top
"C40","100NF 0402 25V X7R","C_0402_1005Metric",250.475000,-90.860000,0.000000,top
"C41","100NF_0603_100V_X7S","C_0603_1608Metric",244.725000,-153.312000,0.000000,top
"C42","100NF 0402 25V X7R","C_0402_1005Metric",255.000000,-94.000000,0.000000,top
"C43","100NF 0402 25V X7R","C_0402_1005Metric",249.500000,-89.250000,-90.000000,top
"C44","100NF 0402 25V X7R","C_0402_1005Metric",244.400000,-134.480000,-90.000000,top
"C45","10UF_0805_16V_X7R","C_0805_2012Metric",248.100000,-99.815000,-90.000000,top
"C46","100NF 0402 25V X7R","C_0402_1005Metric",245.700000,-109.600000,90.000000,top
"C47","100NF 0402 25V X7R","C_0402_1005Metric",251.490001,-107.369999,180.000000,top
"C48","100NF 0402 25V X7R","C_0402_1005Metric",225.580000,-110.920000,0.000000,top
"C49","4.7N 50 VDC 5% 0603 C0G","C_0603_1608Metric",249.559999,-104.100000,-90.000000,top
"C50","4.7N 50 VDC 5% 0603 C0G","C_0603_1608Metric",261.000000,-105.490000,-90.000000,top
"C51","4.7N 50 VDC 5% 0603 C0G","C_0603_1608Metric",259.240000,-106.345000,-90.000000,top
"C52","220PF 0603 50V C0G","C_0603_1608Metric",217.927050,-123.295000,0.000000,top
"C53","220PF 0603 50V C0G","C_0603_1608Metric",217.917050,-125.355000,0.000000,top
"C54","220PF 0603 50V C0G","C_0603_1608Metric",217.992050,-127.235000,0.000000,top
"C55","100NF 0402 25V X7R","C_0402_1005Metric",224.300000,-120.120000,90.000000,top
"C56","100NF 0402 25V X7R","C_0402_1005Metric",241.500000,-156.800000,-90.000000,top
"C57","100NF 0402 25V X7R","C_0402_1005Metric",249.760000,-155.112000,-90.000000,top
"C58","100NF_0603_100V_X7S","C_0603_1608Metric",237.400000,-157.200000,0.000000,top
"C59","100NF 0402 25V X7R","C_0402_1005Metric",246.400000,-134.600000,-90.000000,top
"C60","100NF 0402 25V X7R","C_0402_1005Metric",212.600000,33.900000,0.000000,top
"C61","100NF 0402 25V X7R","C_0402_1005Metric",229.100000,36.200000,-90.000000,top
"C62","100NF_0603_100V_X7S","C_0603_1608Metric",251.600000,-161.000000,180.000000,top
"C63","100NF 0402 25V X7R","C_0402_1005Metric",221.600000,-127.100000,180.000000,top
"D1","DOID_ST_ESDA25P35-1U1M","DIOD_STM_ESDA25P35-1U1M",255.390000,-158.662000,0.000000,top
"D2","DIODE_DIODES_B260S1F-7","D_SOD-123F",234.650000,-61.325000,0.000000,top
"D3","DIODE_DIODES_B260S1F-7","D_SOD-123F",220.255000,-97.490000,-90.000000,top
"D4","DIODE_DIODES_B260S1F-7","D_SOD-123F",217.855000,-99.965000,-90.000000,top
"D5","DIODE_DIODES_B260S1F-7","D_SOD-123F",220.280000,-92.840000,-90.000000,top
"D6","DIODE_DIODES_B260S1F-7","D_SOD-123F",217.855000,-95.315000,-90.000000,top
"D7","DIODE_DIODES_B260S1F-7","D_SOD-123F",217.900000,-86.200000,-90.000000,top
"D8","DIODE_DIODES_B260S1F-7","D_SOD-123F",217.855000,-90.690000,-90.000000,top
"D9","DIODE_DIODES_B260S1F-7","D_SOD-123F",238.000000,-159.200000,0.000000,top
"F1","2A 3.5A 16V","PFUSE_LITTLEFUSE_1812L20016DR",252.290000,-157.112000,-90.000000,top
"IC1","IC_DIODES_AP7381-50Y-13","IC_DIODES_AP738133Y13",232.850000,-146.244000,180.000000,top
"IC2","DCP3601","SOT95P280X125-6N",225.910000,-160.512500,90.000000,top
"IC3","IC_TEXAS_NE556DR","SOIC127P600X175-14N",220.700000,-111.570000,0.000000,top
"IC4","DRV8317HREER","QFN40P400X500X80-37N-D",249.600000,-94.265000,-90.000000,top
"IC5","IC_DIODES_AP7381-33Y-13","IC_DIODES_AP738133Y13",245.347000,-156.806000,180.000000,top
"J1","CONN_GCT_USB4105-GF-A","USB_C_Receptacle_GCT_USB4105-xx-A_16P_TopMnt_Horizontal",259.040000,-151.912000,90.000000,top
"J2","AMPHENOL_F51L-1A7H1-11018","CONN_AMPHENOL_F51L-1A7H1-11018",219.300000,44.000000,180.000000,top
"J5","B5P-VH","CONN_JST_B5P-VH",212.855000,-94.875000,-90.000000,top
"J6","CONN_JST_B6B-PH-K-S","JST_PH_B6B-PH-SM4-TB_1x06-1MP_P2.00mm_Vertical",212.662050,-126.270000,90.000000,top
"J9","AMPHENOL_F51L-1A7H1-11018","CONN_AMPHENOL_F51L-1A7H1-11018",209.000000,-156.500000,-90.000000,top
"K1","JW2SN-DC12V","REL_PANASONIC_JW2SN-DC12V",234.250000,-90.000000,90.000000,top
"L1","INDC_BEAD_BLM18AG601SN1D","L_0603_1608Metric",227.800000,35.900000,-90.000000,top
"L2","INDC_BEAD_BLM18AG601SN1D","L_0603_1608Metric",231.987500,-159.300000,180.000000,top
"L3","INDC_BEAD_TAY_FBMH3216HM221NT","INDC_TAY_FBMH3216HM221NT",255.600000,-162.200000,-90.000000,top
"L4","INDC_TDK_VLCF5028T-220MR71-2","IND_TDK_VLCF5028T-220MR71-2",225.010000,-154.362500,90.000000,top
"L6","INDC_BEAD_BLM18AG601SN1D","L_0603_1608Metric",217.387500,-146.750000,0.000000,top
"L7","INDC_BEAD_BLM18AG601SN1D","L_0603_1608Metric",217.387500,-148.400000,180.000000,top
"L8","INDC_BEAD_BLM18AG601SN1D","L_0603_1608Metric",217.400000,-150.000000,180.000000,top
"L9","INDC_BEAD_BLM18AG601SN1D","L_0603_1608Metric",217.412500,-151.550000,180.000000,top
"L10","INDC_BEAD_BLM18AG601SN1D","L_0603_1608Metric",226.600000,32.712500,90.000000,top
"L11","INDC_BEAD_BLM18AG601SN1D","L_0603_1608Metric",222.100000,32.587500,90.000000,top
"L12","INDC_BEAD_BLM18AG601SN1D","L_0603_1608Metric",224.610000,32.587500,90.000000,top
"L13","INDC_BEAD_BLM18AG601SN1D","L_0603_1608Metric",256.900000,-108.350000,0.000000,top
"L14","INDC_BEAD_TAY_FBMH3216HM221NT","INDC_TAY_FBMH3216HM221NT",253.000000,-86.800000,-90.000000,top
"L15","INDC_BEAD_BLM18AG601SN1D","L_0603_1608Metric",223.800000,35.900000,90.000000,top
"L16","INDC_BEAD_BLM18AG601SN1D","L_0603_1608Metric",222.300000,35.900000,90.000000,top
"L17","INDC_BEAD_BLM18AG601SN1D","L_0603_1608Metric",220.800000,35.900000,90.000000,top
"L18","INDC_BEAD_BLM18AG601SN1D","L_0603_1608Metric",225.400000,35.800000,90.000000,top
"L19","INDC_BEAD_BLM18AG601SN1D","L_0603_1608Metric",210.700000,35.912500,90.000000,top
"L20","INDC_BEAD_BLM18AG601SN1D","L_0603_1608Metric",217.412500,-153.050000,180.000000,top
"L21","INDC_BEAD_BLM18AG601SN1D","L_0603_1608Metric",217.412500,-154.600000,180.000000,top
"L22","INDC_BEAD_BLM18AG601SN1D","L_0603_1608Metric",217.400000,-156.200000,180.000000,top
"L23","INDC_BEAD_BLM18AG601SN1D","L_0603_1608Metric",217.412500,-157.800000,180.000000,top
"L25","INDC_BEAD_BLM18AG601SN1D","L_0603_1608Metric",216.500000,-166.462500,90.000000,top
"LED1","RGB","LED_XINLIGHT_XL-3210RGBC-YG",226.000000,-4.166700,90.000000,top
"LED2","RGB","LED_XINLIGHT_XL-3210RGBC-YG",226.000000,24.450000,90.000000,top
"MK1","IC_KNOWLES_SPH0141LM4H-1","MIC_KNOWLES_SPH0641LM4H-1",245.000000,-168.000000,0.000000,top
"MK2","IC_KNOWLES_SPH0141LM4H-1","MIC_KNOWLES_SPH0641LM4H-1",245.000000,-55.800000,180.000000,top
"MK3","IC_KNOWLES_SPH0141LM4H-1","MIC_KNOWLES_SPH0641LM4H-1",214.926000,-44.162500,-90.000000,top
"Q1","TRAN_ALPHA_AONR21357","TRAN_ALPHA__AONR21307",234.612500,-162.812500,180.000000,top
"Q2","TRAN_DIODES_DMN62D0U-13","SOT-23",213.637500,-112.270000,180.000000,top
"Q3","TRAN_DIODES_DMN62D0U-13","SOT-23",226.450000,-116.120000,90.000000,top
"Q4","TRAN_DIODES_DMN62D0U-13","SOT-23",238.850000,-60.525000,180.000000,top
"Q5","TRAN_ALPHA_AONR21357","TRAN_ALPHA__AONR21307",251.200000,-163.775000,180.000000,top
"Q6","TRAN_DIODES_DMN62D0U-13","SOT-23",230.000000,-117.600000,180.000000,top
"R1","220K 0402","R_0402_1005Metric",254.900000,-141.100000,90.000000,top
"R2","80.6K 0402 1%","R_0402_1005Metric",230.020000,-162.457500,90.000000,top
"R3","28K 0402 1%","R_0402_1005Metric",228.550000,-163.150000,0.000000,top
"R4","47K 0402","R_0402_1005Metric",253.275000,-96.740000,90.000000,top
"R5","1.5K 0402","R_0402_1005Metric",237.710000,-161.000000,0.000000,top
"R6","4.7K 0402","R_0402_1005Metric",239.200000,-161.400000,-90.000000,top
"R7","100R 0402","R_0402_1005Metric",244.700000,-164.800000,180.000000,top
"R8","4.7K 0402","R_0402_1005Metric",239.450000,-148.112000,90.000000,top
"R9","4.7K 0402","R_0402_1005Metric",238.250000,-148.112000,90.000000,top
"R10","100R 0402","R_0402_1005Metric",245.500000,-59.100000,0.000000,top
"R11","47K 0402","R_0402_1005Metric",232.005000,-163.982950,-90.000000,top
"R12","4.7K 0402","R_0402_1005Metric",232.000000,-162.010000,-90.000000,top
"R13","10K 0402","R_0402_1005Metric",232.600000,-118.000000,-90.000000,top
"R14","1.5K 0402","R_0402_1005Metric",248.300000,-103.710000,90.000000,top
"R15","1.5K 0402","R_0402_1005Metric",253.850000,-107.700000,90.000000,top
"R16","100R 0402","R_0402_1005Metric",235.100000,-124.800000,180.000000,top
"R17","1.5K 0402","R_0402_1005Metric",254.900000,-107.700000,90.000000,top
"R18","100R 0402","R_0402_1005Metric",235.100000,-123.600000,180.000000,top
"R19","100R 0402","R_0402_1005Metric",235.100000,-122.400000,180.000000,top
"R20","10K 0402","R_0402_1005Metric",238.200000,-133.600000,180.000000,top
"R21","4.7K 0402","R_0402_1005Metric",253.800000,-110.700000,90.000000,top
"R22","100R 0402","R_0402_1005Metric",242.400000,-134.490000,-90.000000,top
"R23","220K 0402","R_0402_1005Metric",224.365000,-106.345000,0.000000,top
"R24","1.5K 0402","R_0402_1005Metric",222.450000,-106.345000,0.000000,top
"R25","10K 0402","R_0402_1005Metric",216.300000,-112.690000,90.000000,top
"R26","100R 0402","R_0402_1005Metric",215.775000,-114.395000,0.000000,top
"R27","4.7K 0402","R_0402_1005Metric",228.400000,12.200000,90.000000,top
"R28","220R 0402","R_0402_1005Metric",215.800000,36.200000,90.000000,top
"R29","10K 0402","R_0402_1005Metric",227.800000,-108.600000,-90.000000,top
"R30","47K 0402","R_0402_1005Metric",254.200000,-134.510000,-90.000000,top
"R31","47K 0402","R_0402_1005Metric",254.450000,-95.565000,90.000000,top
"R32","47K 0402","R_0402_1005Metric",253.010000,-134.520000,-90.000000,top
"R33","47K 0402","R_0402_1005Metric",245.420000,-134.510000,-90.000000,top
"R34","1.5K 0402","R_0402_1005Metric",254.600000,-98.410000,-90.000000,top
"R35","100R 0402","R_0402_1005Metric",236.724150,-111.040000,-90.000000,top
"R36","10K 0402","R_0402_1005Metric",225.500000,-112.410000,90.000000,top
"R37","10R 0402","R_0402_1005Metric",257.105000,-90.720000,180.000000,top
"R38","10R 0402","R_0402_1005Metric",257.085000,-91.810000,180.000000,top
"R39","10K 0402","R_0402_1005Metric",223.300000,-118.120000,-90.000000,top
"R40","10R 0402","R_0402_1005Metric",257.065000,-92.920000,180.000000,top
"R41","10K 0402","R_0402_1005Metric",235.510000,-126.600000,180.000000,top
"R42","10K 0402","R_0402_1005Metric",241.450000,-61.015000,-90.000000,top
"R43","4.7K 0402","R_0402_1005Metric",221.300000,-119.320000,180.000000,top
"R44","10K 0402","R_0402_1005Metric",221.300000,-120.320000,0.000000,top
"R45","100R 0402","R_0402_1005Metric",220.600000,-128.100000,0.000000,top
"R46","100R 0402","R_0402_1005Metric",225.677050,-130.062250,90.000000,top
"R47","100R 0402","R_0402_1005Metric",227.647050,-130.062250,-90.000000,top
"R48","100R 0402","R_0402_1005Metric",228.777050,-120.492250,180.000000,top
"R49","10R 0402","R_0402_1005Metric",237.800000,-155.800000,0.000000,top
"R50","47K 0402","R_0402_1005Metric",246.600000,-136.600000,180.000000,top
"R51","10R 0402","R_0402_1005Metric",241.500000,-154.890000,90.000000,top
"R52","10K 0402","R_0402_1005Metric",238.560000,-150.312000,0.000000,top
"R53","1.5K 0402","R_0402_1005Metric",243.400000,-134.510000,90.000000,top
"R54","1.5K 0402","R_0402_1005Metric",246.600000,-137.600000,0.000000,top
"R55","10R 0402","R_0402_1005Metric",226.400000,-120.000000,-90.000000,top
"R56","100R 0402","R_0402_1005Metric",240.000000,-134.200000,90.000000,top
"R57","7.5K 0402","R_0402_1005Metric",238.560000,-151.312000,0.000000,top
"R58","47K 0402","R_0402_1005Metric",240.800000,-159.400000,-90.000000,top
"R59","100R 0402","R_0402_1005Metric",241.400000,-134.090000,90.000000,top
"R60","47K 0402","R_0402_1005Metric",244.310000,-108.100000,180.000000,top
"R61","100R 0402","R_0402_1005Metric",249.000000,-134.090000,90.000000,top
"R62","100R 0402","R_0402_1005Metric",247.800000,-134.090000,90.000000,top
"R66","330R 0402","R_0402_1005Metric",216.800000,36.300000,-90.000000,top
"R68","330R 0402","R_0402_1005Metric",218.900000,36.390000,-90.000000,top
"R70","220R 0402","R_0402_1005Metric",217.800000,34.400000,90.000000,top
"R71","4.7K 0402","R_0402_1005Metric",231.400000,35.910000,90.000000,top
"R72","47K 0402","R_0402_1005Metric",253.600000,-162.000000,-90.000000,top
"R73","10K 0402","R_0402_1005Metric",253.700000,-166.400000,90.000000,top
"RV1","200R","POT_BOURNS_TC33X2201E",220.800000,19.125000,0.000000,top
"RV2","200R","POT_BOURNS_TC33X2201E",221.250000,-2.875000,0.000000,top
"S3","PBH2UEESNPNAGX","BTN_ESWITCH_PBH2UXXSNPNAGX",240.800000,34.300000,0.000000,top
"SW1","BTN_OMRON_B3S-1100P","SW_SPST_B3S-1100",224.500000,-145.300000,90.000000,top
"SW2","BTN_OMRON_B3S-1100P","SW_SPST_B3S-1100",233.500000,-135.500000,90.000000,top
"TP1","TestPoint","TestPoint_Loop_D2.60mm_Drill1.4mm_Beaded",238.000000,-167.300000,0.000000,top
"TP2","TestPoint","TestPoint_Loop_D2.60mm_Drill1.4mm_Beaded",254.700000,-144.300000,90.000000,top
"TP3","TestPoint","TestPoint_Loop_D2.60mm_Drill1.4mm_Beaded",255.500000,-138.000000,90.000000,top
"TP4","TestPoint","TestPoint_Loop_D2.60mm_Drill1.4mm_Beaded",214.500000,-137.000000,0.000000,top
"TP5","TestPoint","TestPoint_Loop_D2.60mm_Drill1.4mm_Beaded",219.500000,-137.000000,0.000000,top
"TP6","TestPoint","TestPoint_Loop_D2.60mm_Drill1.4mm_Beaded",224.500000,-137.000000,0.000000,top
"TP7","TestPoint","TestPoint_Loop_D2.60mm_Drill1.4mm_Beaded",228.600000,-102.000000,180.000000,top
"TP8","TestPoint","TestPoint_Loop_D2.60mm_Drill1.4mm_Beaded",223.400000,-102.525000,180.000000,top
"TP9","TestPoint","TestPoint_Loop_D2.60mm_Drill1.4mm_Beaded",260.600000,-102.000000,180.000000,top
"TP10","TestPoint","TestPoint_Loop_D2.60mm_Drill1.4mm_Beaded",232.600000,-98.000000,0.000000,top
"TP13","TestPoint","TestPoint_Loop_D2.60mm_Drill1.4mm_Beaded",228.000000,-167.400000,0.000000,top
"U1","IC_TEXAS_TPD4S201TRGRRQ1","IC_TEXAS_TPD4S201TRGR",249.040000,-151.812000,0.000000,top
"U2","HUSB238_002DD","DFN-10-1EP_3x3mm_P0.5mm_EP1.65x2.38mm",242.340000,-149.967000,180.000000,top
"U3","ESP32-S3-WROOM-1-N8R2","IC_EXPIF_ESP32-S3-WROOM-1-N8R2",250.060000,-123.100000,-90.000000,top
"U4","74HC393D","IC_NEXPERIA_74HC393D",232.224150,-110.500000,0.000000,top
"U5","IC_DIOD_LM4040D30FTA","SOT-23",257.000000,-96.800000,0.000000,top
"U6","RS2254XQ","IC_RUNIC_RS2254XQ",254.449999,-104.029999,180.000000,top
"U7","SC-88_SOT363_NEX","IC_NEXPERIA_74LVC1G386GW",221.667050,-124.775000,-90.000000,top
"U8","74VHCT126AFT","IC_TOSHIBA_74VHCT126AFT",226.317050,-125.025000,90.000000,top
"VR1","RK097111080R","POT_ALPS_RK097111080R",238.300000,-20.666700,90.000000,top
"VR2","RK09711110EL","POT_ALPS_RK09711110EL",238.700000,-47.000000,0.000000,top
"VR3","RK09711110EL","POT_ALPS_RK09711110EL",238.800000,6.333300,0.000000,top
